id,elec_pmax_w,elec_p50_frac,mod_frac_above_80,mod_frac_above_60,mod_frac_below_40,mod_mean_frac,mod_p90_p50,hist_standby_frac,heat_p99_over_rated,heat_frac_above_rated,heat_frac_below_40pct,heat_mean_load_factor,resid
72,1846.4591603053427,0.23877366577481876,0.06297171295189441,0.10863113588604646,0.7967406349485976,0.3310526924488692,2.634332155366106,0.006574936114771841,0.8412124829914206,0.0024819280190895568,0.8152532606021445,0.3566552209795922,0.6943155463780553
568,2905.7364829396383,0.3798312739524648,0.09168359868774333,0.22716397242096376,0.5327076695233334,0.4681329571817763,2.0528630458177193,0.023029607429590707,1.881384107786947,0.04573783230073722,0.019134739997476936,0.688041994056188,0.46478415587872224
533,1231.8554720133682,0.43350391327416754,0.06269306325880368,0.14061530345205783,0.11865624501072476,0.4851379370480067,1.6085269646686522,0.03373953311172104,0.7605950497770693,0.0016585982744263949,0.261052853763527,0.4533637054350487,0.8932735823112257
584,2331.3751087984865,0.3598833085178183,0.05415923304384332,0.14015414169221496,0.5703919300511019,0.40260894863288893,1.833989345472554,0.02434533922330831,2.1149551930585546,0.25710760693483825,0.009180206623510857,0.8720161766710827,0.6038942228288526
68,3700.16121525532,0.19471716680780665,0.02760225398097423,0.03988181216397633,0.9193583722403734,0.2460517520772768,1.821733883376447,0.04149205342582765,0.7361212362911294,0.0011101844867732794,0.5743896400781364,0.4104827118678166,0.559828044301133
424,2508.6320191158884,0.2867449066433923,0.049530497662048714,0.1550362425906934,0.7169942116150116,0.3689987892327606,2.38987717101758,0.016964282357782006,1.2336511223970898,0.047152798039801,0.04518610115728256,0.5800698860111955,0.530178325321419
759,2605.4165137614514,0.2750280973925986,0.031036398017486002,0.13521874281003146,0.7663433976915409,0.3544632445108369,2.3725321424013606,0.019417852203412137,1.2117653054706332,0.05235228418558083,0.0392552923844314,0.5984902459637979,0.6817950545473019
591,2261.857307692308,0.2919865736873471,0.07401174114012572,0.18924485576880964,0.6686420164043086,0.38221862769690856,2.5460612261378492,0.024024217648205035,0.8994809191871384,0.007159937305115643,0.4798647093386037,0.4461758673964721,0.07142809511818271
765,2310.817435897448,0.18221398940096367,0.013150566553400512,0.03144892598479706,0.8935851787237725,0.23719257745134809,2.2599883335750546,0.05640878104381754,1.6767849262284287,0.11478135139866777,0.07383519896022721,0.6524091133659413,0.023428692740484536
546,1811.843245967748,0.28383867785225475,0.03504701813444104,0.12442760287396801,0.6810062038285071,0.3608580491187617,2.1807611876283515,0.024518145069240313,1.1243554014182944,0.02579729734639967,0.048438925042967027,0.5779552743167968,-0.003474498011694749
373,1802.847368421073,0.26698553098487426,0.021054406047789697,0.15006220637955703,0.7149918957592026,0.3607031990479098,2.379980893651744,0.04198103729988135,1.702396458684653,0.06265586776042101,0.06505401619328728,0.5990605820162009,0.35041356233385823
264,2187.8852135815964,0.32755602696397446,0.1335040205679089,0.24943638259572753,0.6274022917528358,0.44045789221954884,2.5602719346553853,0.030250018360164284,1.2303954556721453,0.062183299367282514,0.06318307531872609,0.5980380953923229,0.3844874044610238
687,3576.492289329193,0.298034044037813,0.051233801696343687,0.14899197921132137,0.7110476173020404,0.38594717622463465,2.3677450587888718,0.02904124125839557,1.215926812202628,0.021437871422543563,0.042639047323116144,0.6124581605038939,0.5133790935129117
300,2432.1144908616175,0.2739204865533747,0.05707625618803405,0.17272571951327648,0.6870118148466681,0.351432486385427,2.5791475537820796,0.009742997042406451,0.9199395520098261,0.007265211997875518,0.5960634727760178,0.4128937611065424,0.23145538890752526
776,4956.963533361309,0.22780580517072505,0.03611529934558288,0.049401600307018,0.7508882329401891,0.3106303493889437,2.3146579930841447,0.023923175563361522,1.2801284630144663,0.044353850173321475,0.09684746702965343,0.5463822135270627,0.22427949303036243
280,2975.8250167224055,0.2839691411551946,0.024498169383591763,0.08607647954856602,0.6797320791648693,0.34941958698028613,2.055670270979643,0.026820125385683163,1.3461102486265313,0.11057203046202925,0.052470521871740186,0.6545939925106217,0.20111480891051947
329,4650.435475578378,0.18322054306431682,0.018373635093660655,0.025561413830614534,0.9406765942652346,0.22925402724489002,1.888018089431331,0.0581435548014261,0.6066869096509097,6.782023840500494e-05,0.9229179438555167,0.293673656602922,0.0929929952357007
116,2979.6108651911227,0.3601079212410647,0.011522761409544804,0.042559570901916095,0.649692619836173,0.3779133624345578,1.5317643117150572,0.00919441281616091,1.4126326449094457,0.5832125246135166,0.005952800422515157,0.9828814652548646,0.3085107022834581
615,2325.6082332761393,0.17404694024779416,0.03582334445405604,0.1056279831682997,0.8310871961516879,0.26847637603565344,3.5002305948334618,0.04415361045728317,0.9118673818557296,0.0005618303220100196,0.8104888488385878,0.33556112338661404,0.13422246271073757
730,1659.773687499993,0.33132537107785764,0.03669505126154798,0.18487536480099548,0.6179444208014389,0.4079460380103591,2.0475119636951016,0.016923839741911875,1.262744877126659,0.02415304176191912,0.03724256557424443,0.5782256591804034,0.23674091713583678
608,5400.215805120469,0.22823910837228412,0.16035651131461004,0.20102685340499132,0.7245450187559872,0.3692465400464683,4.0060723284800375,0.018740260644904774,1.2961766089121087,0.06546002450036881,0.045943068686168785,0.5855517879391,0.44676143222991893
312,3340.8210450966494,0.23786015892851017,0.021203068983709755,0.05178702938438463,0.754609147530534,0.3142687191434132,2.225663098233551,0.017785735685758218,1.1132166711553897,0.010980217605195667,0.471663487059592,0.4295104793195526,0.5918389836040454
258,3663.5451401869163,0.36496829992863133,0.08246603972750564,0.26402281182622206,0.5447481690779804,0.4544110147498723,2.097854256735515,0.027898423269700715,1.9774289271163428,0.0857321433365057,0.02080100407881695,0.7123497667836506,0.3021130295613599
283,1340.3001376893226,0.5710820535054939,0.23462954551095172,0.4898407617394135,0.33139496964320453,0.5771224605863778,1.5353137482126555,0.02733253726181714,1.5624642239248532,0.35480572335274696,0.00869866494371441,0.9084471002559914,0.3190265705938309
545,1647.3911778962768,0.33221396603596937,0.047440160477396985,0.15816995239222295,0.627995856144585,0.4029368002342461,1.955785543258135,0.014142692279297998,1.22335604524182,0.021717690728694537,0.0371512876096437,0.5664216086054461,0.26388139054662574
564,2664.206669996116,0.2720039524228747,0.1555459349277986,0.22636199036297266,0.6420262314438873,0.3945524213255306,3.337450267740254,0.014636390877142833,1.8603857875678946,0.19969396540817494,0.019155235106373524,0.7489967440654933,0.2917796812521072
449,9516.461631419947,0.27001883318800907,0.04587402240171313,0.14637840866396687,0.7100694209049124,0.3316952975211347,2.5074147831457005,0.006361634450697333,0.9644026543828709,0.005247508024361695,0.3840269731125529,0.4664801006732265,0.19176927832058865
138,2587.516537867093,0.401481590950203,0.023077192963677225,0.09225406260759735,0.488223537226372,0.4284682351977413,1.4671812102751574,0.04395266089856511,1.062530671341387,0.015422888882821782,0.06423399908939462,0.6051975393848608,0.31846247700608643
512,1463.1663673469334,0.3127503472112206,0.024235273884756194,0.18110177692792018,0.636399476482522,0.40181405465207204,2.0853618586335787,0.05223150245082297,1.262920468549813,0.03333088011326867,0.202542419755705,0.5346493396190622,-0.057010271163028925
344,3444.8124022022594,0.2618699274739576,0.045767167217367656,0.08346796676538021,0.7262815039585933,0.33077415510075936,2.1494189608555354,0.010147683114127528,1.4860665560589628,0.10378983283990897,0.028512338248133443,0.6571844007796173,0.15402630850912846
10,1843.4627680311883,0.2879831591935624,0.024083891527972388,0.07921913981066948,0.7913727957007621,0.3439259458339037,1.9401201162648096,0.03285257527563927,1.03405441114201,0.019165891377511693,0.18433993632997658,0.4757082157069773,0.14398168557431035
276,2328.5417869415633,0.45667364678661476,0.04268323706008534,0.2286089689919409,0.3452428151443442,0.4901094337122935,1.5590438859928681,0.027734231547004513,1.373701973136382,0.23649023524189977,0.018169821897204997,0.8568138080697316,0.6612547340710311
284,3486.2772307030687,0.3943286528603872,0.08138073227759125,0.2637984581203781,0.505383481347601,0.4717657852142262,1.951007300939916,0.02647045495337799,1.623970197990537,0.08581867988688015,0.050229233280866196,0.6876824799351607,0.35233716547543814
646,3479.3321712320644,0.21275002739461935,0.054361376210493834,0.08598055656797451,0.7920068661601128,0.2995129763556909,2.569320309512241,0.023962363486266743,1.4917136740661094,0.07031164838635488,0.10379207404244246,0.5830532711337575,0.18577999961581781
686,4116.362564102566,0.32792395068872804,0.047974619338087846,0.1523950205990891,0.633537883728422,0.38289977271057124,2.0829944357724397,0.029593591977569077,1.1335787090709692,0.013259468707740456,0.3339397551767299,0.49129091633052474,0.2765233450537945
565,2425.3709270433383,0.4694734264853733,0.12142576435905646,0.3687491937140755,0.44455530046394287,0.4906296361763197,1.7312266799762945,0.013165405528379956,1.2112536835891388,0.08262519533962315,0.04345217418353016,0.6643268604348466,0.31952814464559776
277,4919.667752740553,0.3625354215551124,0.19043443389843415,0.26266760329307615,0.5438282002746799,0.4590329792512864,2.6000073723599444,0.010682313199360569,1.1869224855175269,0.07852409661621261,0.017486168097642227,0.683724285466349,0.24947183023228714
530,2982.5323604523883,0.3099787507823961,0.041646002294960814,0.17990067730517145,0.5705171684462337,0.388700254081408,2.1662689845640424,0.025895980929314076,1.6474666660068544,0.1061199800789683,0.037880862764002085,0.6785660648728494,0.30401073213885255
428,1323.1612030075203,0.3902840880006917,0.04017129884084235,0.24060010299222107,0.4925404912927009,0.4642959302578226,1.8746631043037731,0.042775026749943997,2.4619947841205483,0.21274203621090604,0.02678363300128984,0.826913979258912,0.14697568343725198
244,2448.4074709124443,0.3003987083371988,0.06613425768324055,0.1822724371646315,0.7046778491664488,0.3890027861738752,2.454178026969262,0.02680355567334954,1.2171871505977498,0.04493394268079915,0.08745274324622451,0.5722873666479023,0.14523369826145593
527,3107.7440754231875,0.2701695821588006,0.04949820786417148,0.10851605021400088,0.7385963970964982,0.34271950542447605,2.253969541391966,0.012450768718367955,1.3970042208781164,0.06406957997432312,0.03466860223369084,0.6088246517306394,0.26827471651275836
196,5296.137632361688,0.26296406375076375,0.06937083622087255,0.1095161060908992,0.7170955951091638,0.3480440599339932,2.421425007008467,0.0258352896237539,1.1321241022571829,0.05002376228549298,0.03500908332219665,0.5978298592936541,0.30601818488211663
604,3419.7108700976105,0.37337763275118446,0.17863053993998942,0.28976147999587054,0.5322301431347263,0.4583223863864181,2.3371280634532816,0.014805788376965919,2.343939892243791,0.2608406167962662,0.017747798387327235,0.8369142844620978,0.025494683804596185
433,2755.888747007184,0.34158468614710813,0.10784774121891036,0.18069566991246905,0.6523674639452164,0.3932971909137623,2.360158393805593,0.009615986376097507,1.658678228450786,0.18830762153953917,0.014642022341834126,0.8079374256817259,0.09801425039382128
75,1301.377472720875,0.4050192464958714,0.05172316640443946,0.19996499196933365,0.46495700126644357,0.4734913945137862,1.7947645640733054,0.019237160985261216,0.900596406830792,0.001972547995778781,0.029315176423682577,0.5329015541305905,0.24455181018921746
431,2090.967094178297,0.4275154871548159,0.04723923724594708,0.23446432948391782,0.4534958000792074,0.4469193753355751,1.5851930877025269,0.00948168690413521,1.3945594024663328,0.14966364652820072,0.014122603957103476,0.7478131399823008,-0.01023203904423653
752,4236.623657650378,0.41346313139105595,0.10504794276498886,0.30529693609171277,0.48586143778910507,0.4682664051252772,1.9450563556658618,0.020940632292354173,1.5538802331561758,0.21204094761213374,0.027650710610886607,0.8109362479950968,0.47867773432398675
610,2422.940345110922,0.4018184932556234,0.0569395046181467,0.2535893806025076,0.48389711169065436,0.4518707349471918,1.8451547498060548,0.017047134124874314,1.1833605904568938,0.057186301941636576,0.05330527069971363,0.6421735072815523,0.10405704897474344
260,3368.6251819730487,0.3335760302449344,0.09946035294075095,0.23616993657901222,0.5720220649256338,0.4180249423283463,2.3911585729526297,0.012866531308837213,1.5569672482381294,0.22617545190611843,0.023412369998175066,0.7631176055405811,0.37057894520644385
448,2336.348724489804,0.34123262426338213,0.08367573954022177,0.24445142821055854,0.5428920648449314,0.4077161488161468,2.2587789836058967,0.047591240737636056,1.1091250518528746,0.01771222108192388,0.7281530961922281,0.33080763544899905,-0.10022979117517217
706,2366.0707670043425,0.23972653661061807,0.01783914164696971,0.05677992815499929,0.8197629695933624,0.29461058470702334,2.084332965432416,0.03412461597532267,1.3445053950177912,0.0315697240724377,0.05303617924399298,0.5765679252008936,0.14826025041186242
382,2843.3352801894257,0.3174903824556856,0.05456348858509393,0.10695155915995515,0.8174082527972858,0.37680832620772875,1.9667611358367774,0.031004600236920137,1.1514213183014488,0.04228656980675695,0.029006092746170564,0.592916053781032,0.03323226321051731
151,1708.6226117440904,0.3248982650040781,0.03239252798848392,0.13042424810059058,0.6358855274316155,0.3893065587295864,1.9140000289299852,0.02540325881241117,1.4422191419142625,0.024788990925186338,0.05630907869990033,0.5599915248416361,0.184301234410726
59,2629.153067301966,0.2647504946381218,0.06891731430992816,0.10874679282710836,0.6079081549501054,0.35901287487059513,2.4364544110908417,0.029782001047233487,1.9094118724217692,0.1402630510305375,0.05050513703344961,0.7245324823314726,0.48732880967342984
369,3517.5697101538085,0.18352420832979804,0.19424668390562896,0.2352289403040484,0.7182033509141211,0.36688743894341014,5.1945673733784385,0.02694629932111861,1.7799858016601149,0.17608195100687335,0.1060487907400344,0.647244892240253,-0.18018114793979123
297,3642.06542465753,0.3396097661164672,0.06252668345591608,0.242931996462175,0.5923235567931371,0.4373474413229603,2.2380483390383907,0.02578451732154849,1.094698318012909,0.020082388013996286,0.11098964689564488,0.5431594488964645,0.13298721348910458
160,2473.467219694945,0.32417061138405284,0.11158882191029061,0.26299322877812176,0.5660352766654376,0.42098452617830223,2.518879315414455,0.05566879971151532,1.9918358896371904,0.3114035185777238,0.035602366585211896,0.8433049247717143,0.25212358514328415
754,1123.6993182437955,0.6189224750813078,0.2661307348641367,0.519925210549046,0.2914136584086648,0.6138984192310016,1.446025730736202,0.03810805726647495,1.1103090523525456,0.014325932889085924,0.13442956975084683,0.5976683468859602,0.011663405133919724
314,3533.237080423516,0.23610177045723554,0.04429745250068999,0.08355221315233562,0.7290621455798659,0.3078689204538776,2.3607529207095492,0.02183520595597402,1.18872625859323,0.03225315005426605,0.3996903647538284,0.4810942619740778,-0.08523269368471009
262,3486.8862165605087,0.18190956175735398,0.055138607909667695,0.068269463122767,0.8922730658699616,0.2567002738243053,2.347603466103925,0.03319378495648224,1.4102657521857158,0.04697792028518502,0.2347863621226416,0.5119230478127498,-0.04046377864262318
713,4350.993223443203,0.24214127570900715,0.029012366154090086,0.0589541875711765,0.8241626374980974,0.29501848061485864,1.995000034732014,0.041471157729346106,0.9262021837709566,0.005286522725632916,0.6648240603333173,0.3895822381187614,0.5552360270332635
654,3212.530181511187,0.3529845134389511,0.05002823198404363,0.12771609993929642,0.5610483412504937,0.397511568832684,1.7864824901151386,0.009556955127489374,1.4486168012960379,0.10475917012772473,0.0180990237444002,0.7073757962919192,0.4250239249781842
335,2267.1433403805486,0.2704983142181993,0.03483810842854447,0.07955322269971199,0.7029897602779964,0.3351800218134579,2.0007136771307694,0.03130521006229656,1.3698516988494935,0.06032669581032984,0.07642680006033346,0.599255589912673,0.2972261709388997
305,3343.353945480615,0.36804734762070895,0.09823475999843542,0.24427718825817232,0.5419016767615117,0.462472665708749,2.1646903640622703,0.03419492692154548,1.1669410300690795,0.03620905677622751,0.16082478579440207,0.5558248621548654,-0.015238590981175193
611,1848.2110032362446,0.27414531848397267,0.024108004759303473,0.10010719657569615,0.7061307835639402,0.34947869841396845,2.1516229137612,0.02827337060334795,2.014008134310718,0.03337965645490121,0.16407321191414365,0.5339360930828873,-0.2521524162194835
296,3255.106334964656,0.27261783570562603,0.05616102853767073,0.1160855494288361,0.7164366262818289,0.34901081807139717,2.283850559947945,0.01673201317816186,1.4705069071056323,0.06461678325222782,0.05998909758949394,0.6119277813977959,0.14895789401593795
282,3016.447747840396,0.3447911199119135,0.05321465132331772,0.16966150351001527,0.5597775441844379,0.399215803907227,1.9038211673349734,0.015872040502685356,1.246986190985689,0.08129077795862052,0.029013792019093144,0.6637323975680545,0.06782114381859827
321,2245.7739229889567,0.3540925785376628,0.058202434346753054,0.26740435676245633,0.5798164688982785,0.44481474422805833,2.1417656699739234,0.025018445214435307,1.5882746868292053,0.06966700096555958,0.08308635675347958,0.5943096234131249,0.04622786029923809
672,2600.7938397212547,0.2602730029995442,0.04595195272397117,0.1024310566391869,0.7770403710940347,0.33507235225457366,2.3027489909981096,0.020959346418771202,0.8529129982277589,0.0,0.6592490205744536,0.3795564533155724,0.4541600598836326
813,2462.344839192221,0.6732042805069811,0.3140634439225259,0.6235276643236105,0.022746019417247732,0.6826227230950072,1.3513075210867787,0.00035408250278815527,0.639652302115589,0.0,0.17623607194865798,0.4769114018268091,0.35753520690145146
342,3121.299135220127,0.3696458294580837,0.06922414692684963,0.19410205572367736,0.5376578315767505,0.42147682650833673,1.9529342358291801,0.009995859916945236,1.418633513471179,0.1308944280012041,0.014725605048592686,0.7115320313134967,0.18346955573219326
731,3938.179356405591,0.25114000044897267,0.0667672365473554,0.12250392010451043,0.7071301144177493,0.33178218050901814,2.4439050592650213,0.02310472830438863,1.296568849076071,0.09842200178917952,0.05885326294587684,0.6358547665988339,0.21385135848217462
556,2269.4315920397967,0.29995186634182786,0.03653557851903411,0.08133622458995914,0.6380351948028771,0.34685396203157337,1.8909144888654459,0.024185079336882645,1.6671527533918518,0.06687904397537649,0.07391475705771659,0.6053519755684411,-0.14944495551069092
51,2713.6856828193686,0.27485726450682707,0.04763130447007356,0.12329373189068717,0.7501873599968574,0.3497013634244422,2.360088488057735,0.02792169425307684,1.0991526568250845,0.036979321540230425,0.09398640322819879,0.5333717536150094,-0.3229329300485899
364,2957.0501010101198,0.2394215845239135,0.021193908773547147,0.11696104134956632,0.7830352574241067,0.3178067189653985,2.6036749501976013,0.025251018729143766,0.8991706408694844,0.001009620720841534,0.6235182629831764,0.44984686200881435,0.3346657296665998
851,5741.32304675144,0.3860408522924115,0.10973604170088407,0.2108023376117796,0.5236720079859107,0.43636424336473184,2.1429938205326318,0.002508733725815667,0.9483307530831796,0.004604931209738031,0.24579280492227482,0.5547144305980889,0.60369716656135
699,5046.520552129885,0.37730516788563834,0.19383176213551465,0.28004104003287245,0.5349290722036303,0.46457766486009927,2.463748819587169,0.021277294752486242,1.364490293430453,0.01627889416909187,0.34286054072895705,0.5298530104459712,0.03458931388824826
115,1397.4526652451912,0.36977734490565545,0.08583947155683197,0.2588637821022494,0.5344695857466495,0.46436928165658586,2.1139754928988705,0.05540961799913089,1.0767725608916987,0.017004796627909494,0.13350804710186973,0.5391280307505946,0.00644265581314496
386,,,,,,,,,,,,,0.32115487570363666
343,2424.656825200743,0.4154091790411188,0.16296419513215682,0.2624670529707631,0.4586236759024098,0.48028609002441475,2.17037984503356,0.013359750536775693,1.7697253391403691,0.2714139826434142,0.013032237796217955,0.8902811935059949,0.10092441717429335
624,2526.8471673254257,0.28638193677720314,0.04400143145178888,0.11789506760118355,0.7086632509666664,0.3492267811293222,2.2049983062505123,0.014742274211735342,1.6423127272727287,0.09198230492236,0.03586039463607776,0.662795633258925,0.04376954240646569
569,3500.2833313503866,0.21736177976084406,0.2140280020740076,0.2636158747751054,0.6992989824585905,0.3971196597394351,4.441794689719069,0.0235111963345383,1.8227824589905537,0.21123031875073764,0.09183399910235326,0.6825348441135654,-0.06381668453182332
632,2412.4631619711495,0.2919781428513284,0.04298108409561685,0.07900585004503785,0.6808772791274684,0.3420221375751021,1.8017324670113228,0.0134679767430222,1.3441151712974009,0.06731683258132411,0.037920932689646976,0.622642463632559,0.1568597183418614
350,1792.5047710740253,0.43875600684434596,0.10732433273490445,0.3230047102927764,0.4476633256585435,0.4825878444517488,1.8380453190945338,0.024669885627867254,1.79048963535912,0.11418043811333425,0.02564529916985965,0.707604989182814,-0.29963577294703647
346,2393.7855147775244,0.40528280245880854,0.22144870871052388,0.3199252061126744,0.48481295960780124,0.49478148875859285,2.3293216259326046,0.012723470826526988,1.6787232801683714,0.3547628245607518,0.015397583051644936,0.8831279930166043,-0.08749153054978986
149,3181.1891502038266,0.31978125217783787,0.06307770172121485,0.21451659965308262,0.6073830117956341,0.38820472376217696,2.3020058514801764,0.029317279304928247,0.9781875083067543,0.008762354987021671,0.3141523168283554,0.5485541057555837,-0.10534911382020251
380,2729.874204304334,0.3301600905868159,0.1304109697149058,0.18692749334122521,0.668457729111177,0.3918710107560535,2.6573311672499664,0.01995702776952777,1.6774506617677762,0.2011999305846688,0.04337634913099481,0.7599047111770896,0.054661517903421775
231,1643.9648910411552,0.43727877854886055,0.03169846062197912,0.2815992201567809,0.4639644738089113,0.4586050983882476,1.5363978830712268,0.03896798060578807,1.1582915964472773,0.025882480989615902,0.04341851652975396,0.6049995144585264,0.022579362216035292
248,3130.844013972689,0.25030220017360705,0.040966918018595665,0.09655342135958052,0.713831091660963,0.33399906108957955,2.3704640201548264,0.023692351387865393,1.523583463960267,0.06929208814375992,0.20363761194822552,0.5676305592376788,-0.1745332479937769
132,3555.7909243697336,0.37886540923802986,0.03776989475769676,0.11117460794594759,0.5328879635733879,0.4139759381378936,1.6362742965131292,0.011172705065986449,1.0445944738539272,0.01518724783725543,0.14303498071466697,0.5311639977843443,0.5407167257516159
213,2539.6108600125553,0.3326873549710543,0.05415625027289694,0.20784942915912807,0.5888119793622428,0.39426392306120417,2.1868573925694537,0.031148920416204325,1.3518874330439603,0.023066755375066892,0.4796505616405616,0.4503846335005368,-0.046208779363899666
209,3451.012283737006,0.3738413371689023,0.08622430886536935,0.1961921651851667,0.5531176834447207,0.44889397491596084,2.0640449495515294,0.021305578464580175,2.3383608732730683,0.03376269021173887,0.037114248408075735,0.6280766216919579,0.3500188041569583
238,2195.310363537709,0.3107762652295943,0.025147264284586888,0.041433534752032854,0.6543978581157576,0.34850462257770554,1.711049583971738,0.025766289307316458,1.8423389830508463,0.05847361921847201,0.14116268349171612,0.6002593867965572,-0.14074910858453116
705,2582.2108381300004,0.35392913527970743,0.04519248216862278,0.14889701438173267,0.5849608303482641,0.3940152467550227,1.8612171042235504,0.031890423896495906,0.971056574390574,0.007380659903944159,0.3885301770493032,0.4800832165283478,-0.01868816445512511
202,2768.229597545569,0.22238477003420506,0.17861011145662278,0.2587423139693213,0.6604677117085915,0.38483575155794186,4.017393047476125,0.03561183997843513,1.6987967084870845,0.20758812141917762,0.10429965858309069,0.7002971501702444,-0.2612756721265317
73,3094.8897464167726,0.3523135086900303,0.035806553773356425,0.15653607556027496,0.6031293429460309,0.41425506866561534,1.9294072850866248,0.08371060419896413,1.1811189917472986,0.028548676536563476,0.053006663011149334,0.6382777704471949,0.06059071672283345
717,1341.9658028455292,0.31043800098668894,0.0740036744412338,0.18600300979410417,0.592793487968691,0.39372473619289433,2.3301888337131715,0.03378207853132186,1.1527939785221173,0.0966452656809521,0.45889041798860325,0.5326800185770083,-0.1501839831558316
269,1457.6836734693889,0.4293674870643809,0.10401362332422824,0.34699475410585506,0.4483897733636582,0.4989360557325846,1.8468761413948653,0.028479517203275257,2.231080004268034,0.0547315644488242,0.20228995329678945,0.5972528417339339,-0.3260568345337598
44,3328.1276917536907,0.2186804783710496,0.0863344758728635,0.20814613134258475,0.6569387628111434,0.3468006106449128,3.5247277699025843,0.03998233775738813,1.1026143761455423,0.06677439413332568,0.5814813644825134,0.48761250815596174,-0.050616429491704196
519,3046.0255379720356,0.3017335131914205,0.04482812600301595,0.13600181091889493,0.6495151174563346,0.3741377312008111,2.136239512948455,0.020389039087707114,1.6459924437235531,0.09109038355866621,0.058662127397038286,0.620299546673221,-0.04368308651882025
539,2242.484743504322,0.35734781671982574,0.09322239220044867,0.31765808250879923,0.55640118068303,0.46284912888273866,2.2210939529501945,0.020598441736943023,1.6125719046457934,0.039956203952777485,0.1598634216903368,0.56081088537046,0.1699008475270154
123,2255.023516949151,0.35611560785747565,0.04352522783293235,0.06747784794983448,0.5659776275238267,0.3649005210046125,1.4309595845827694,0.053869909990444186,1.5702420403022646,0.06480480138326519,0.07215494705849963,0.6413573289671681,-0.09446655783943303
456,3144.525736072863,0.406897209798547,0.1035981152729523,0.2609851189059699,0.4898906128535846,0.4438099859174941,1.9897687376485365,0.021394620954013326,1.5318794696253428,0.1613333446621735,0.05782004538346102,0.7138456672648449,0.1074314260072673
377,2834.616284510996,0.32084953292482704,0.1077698123132743,0.22334491060770575,0.6109509775490798,0.40806844176147355,2.520259611241285,0.022842495751431807,1.2921184814099498,0.02672931720189041,0.36285041131029555,0.5083788310799047,-0.0635325111194458
516,1449.6973509933662,0.3315408083056738,0.027694716030474867,0.1690814340194187,0.5993516383541407,0.41605912408927564,1.9648400420050018,0.05880317539538966,1.7851082274247438,0.034172678135344456,0.34121524786569446,0.5253807307183135,-0.4861596862233961
649,2400.6783642172513,0.38886531176154626,0.17394534892457233,0.2881006716266215,0.5099651580150163,0.46526836381558495,2.351684483554536,0.021410696371995004,1.7318860216234013,0.2351080064682785,0.03264290638101336,0.7917123520613232,-0.21820552938150328
605,4975.170763986366,0.2062587459441498,0.06597169902862837,0.17967863926451452,0.7346760924347983,0.33905296553663505,3.5606206586265388,0.027333774636589838,1.2988332817113708,0.10547400957981778,0.014994851873299766,0.6343110732546355,0.23495046342937753
722,1294.6455277777734,0.4964413652549038,0.23891978837223649,0.43368905521102524,0.3866483189496545,0.5685029300505454,1.8042859010118029,0.023451809612549536,1.7113402854977244,0.03099820434749771,0.11290121688133675,0.5755252127257205,-0.05485823180555904
674,3440.6667199398344,0.3501345672282669,0.13645117521320319,0.2036447736530015,0.5557355794786304,0.4364905006539173,2.581237221015541,0.00891588653373468,1.4076241916903904,0.148820604028612,0.019053983393396846,0.739420183213649,0.2752088526116583
162,2028.1459379615876,0.31885811232834044,0.06276299329011713,0.1754339266736471,0.627599050184904,0.40350647590082395,2.250798223754972,0.038195407046150195,1.069631556348263,0.04018678971253905,0.41969228791097674,0.5418070161083723,-0.03620179687531966
643,4135.252892030848,0.43652157303688005,0.0936459145848299,0.23907388966136683,0.42490311481626497,0.48373371359488876,1.777562120696308,0.01197358545128442,1.3932607132618533,0.1215606086219861,0.014907969903995726,0.7626598428601779,0.5302139979331479
227,2414.647737909516,0.2570183714649063,0.0397838228107258,0.08699829656638465,0.709868250370552,0.3277598162454724,2.1256928833869564,0.03079877609914006,1.3566572089314182,0.07374576756236238,0.14653586354597986,0.5905346977019322,-0.0960540695733405
729,3105.2271290943995,0.4868274068173413,0.22545849069493504,0.40222660484681794,0.3984349176797269,0.5285536356053328,1.7899873448995476,0.011468182478619944,0.8605119017552721,0.0022586582622672264,0.3521216807284822,0.5283946855524781,-0.016282511978585212
744,2380.1293762575388,0.27915446068384214,0.047470877038819206,0.1495237089494543,0.6813178274587063,0.36026818544986167,2.413389610062681,0.05667939039386915,0.8877316683864322,0.007281681040803185,0.6333387639103842,0.4077982170856144,-0.3222562162966267
239,2308.1302270366523,0.2751318419511655,0.12165658074731282,0.18764201822263268,0.7332253326520278,0.3908976357100051,3.0447024359869324,0.03404860777312684,1.8815085341884772,0.026257296049952486,0.12390285027552574,0.5379462541214273,-0.4050480328547392
383,3007.511692084239,0.46134096454239765,0.1892280168259839,0.35472802116705304,0.38434252337665725,0.5246347527533007,1.9040858469725352,0.03565589265320167,1.0210263905784642,0.015479341186187734,0.19527851458537526,0.5520186707515355,0.4479727285461039
710,3703.728751168309,0.4441519077069597,0.14380845189339087,0.27768899973511235,0.4153288338314585,0.4858777815084852,1.9680204178680065,0.005782439718074567,1.2224783971946094,0.15286067721350574,0.13246994566167924,0.7052705478556823,0.2377101498540295
459,2749.496031807905,0.36534691299209116,0.2634243220186095,0.3727182755060334,0.5246776358638319,0.4793117394776008,2.539667445270212,0.023250674114740622,2.074939655172417,0.30020158089336846,0.02126490002810889,0.8175829382129542,-0.17020523998809667
719,2642.7265639166126,0.2886057971704799,0.022681168954667274,0.12309167500327411,0.722316027075632,0.36015321758380475,2.1720740288326614,0.019457804853809782,1.1742072571151623,0.028759873171236572,0.20697237562634038,0.5322760175655795,-0.4033149082111023
557,3386.123178322958,0.31453192175317896,0.07030721854743692,0.13339061717774053,0.635474290916665,0.3796772394842505,2.1604445427059065,0.01803425077455879,1.5291369141233697,0.10405277217941017,0.07687007882822568,0.6654058194686577,0.0016089736502480356
886,2247.1114571988705,0.46124970081842315,0.18283104267193265,0.3569990014592563,0.40594750367727545,0.5159194811163054,1.9773010718899529,0.01551424025369207,1.367318830884311,0.22815408074887872,0.14237356422797995,0.7103913937926029,0.28206737561731865
347,2589.910570236441,0.26461326426562487,0.029872749398933522,0.04936768116755641,0.7967018369935138,0.30847458570479636,1.6902132627974038,0.031199747503621925,1.7506331074540231,0.055250725956745975,0.09360226238460538,0.6087214428119447,-0.09223145253687459
232,2101.4378217083176,0.3490246784418847,0.09479879650755084,0.23529308275800767,0.5713403853941351,0.4234671971741629,2.2513140382810084,0.03909088185895156,1.4845665799630838,0.034912286081063816,0.37183142279474246,0.5451648938475147,-0.2694175200699118
210,3219.2841983048897,0.2816934636798145,0.04569156208201188,0.1268735805157794,0.6775010422261026,0.36180456216476525,2.244653800568724,0.012392575729047202,1.4651790742344937,0.06405121327388776,0.06851536234283165,0.6013805195976891,-0.06530409660793923
416,3916.9905343511446,0.3741864930036846,0.05547558521677147,0.28439463995475117,0.5320479906138231,0.4546299089994239,1.9813688189363228,0.02397193857499858,1.4506796748638457,0.056329362677467534,0.03969131691120369,0.6564303092829419,-0.0065451848395907675
170,3720.277891833922,0.32381677864332964,0.043244630050272896,0.11613230947897257,0.632433517973236,0.3869172144205088,1.932842384009665,0.03957841747422274,1.0463246866815972,0.018575407732512008,0.20251515592236194,0.5003427946676612,0.14821087928894672
372,3053.428791302754,0.3657497504310173,0.0537059632405632,0.16531815583881493,0.5521431741451842,0.4092028591815455,1.8610600083290458,0.009743822964670914,1.5763131433884698,0.08267415555357095,0.06984341082546867,0.6435912694803355,-0.2993878133831114
441,5887.453049028914,0.39304200316500437,0.135133498320386,0.34592595937247583,0.5123933801632813,0.4550740921309881,2.119958955260847,0.003919563167766632,1.7671028651101648,0.46996244428765416,0.0030360460437745206,0.9664133696213997,0.4086611635116406
71,3315.7626397403483,0.43847562653268946,0.07416634765789154,0.2405487525098739,0.4467392947436165,0.4475043201568956,1.7303964503531994,0.023124486315130456,1.0668378932050855,0.045346896884580656,0.20024217002376316,0.6570601224449584,-0.3285659048409588
446,2289.567508337299,0.35203011065869705,0.024573826926454136,0.06686636160274358,0.5984693889288943,0.3678941672437534,1.5546519319609886,0.02223203664261342,1.3016040293040283,0.043495745488564455,0.0713353450147693,0.620548529557796,0.024112010214275337
696,3224.9721007015955,0.3274723517631714,0.08216048379132997,0.1569888897188792,0.5838823796320687,0.39502803916980184,2.228738400351133,0.010364591665619587,1.3454202411956329,0.11135937127871147,0.06087612248020024,0.645391002898485,-0.25353065483835246
308,2661.070171934079,0.3822656178659625,0.27804733229329925,0.35762951444151153,0.5159061029099241,0.49230353038271996,2.3466666666372578,0.011039826784041532,1.800193981972408,0.28366296881218567,0.02556543814783051,0.8274052802536275,-0.31438409013529167
738,3267.071243523318,0.3350121287353045,0.07277795775008099,0.14195893221485284,0.564265457252789,0.3907433043875355,1.927870397754866,0.041938893132950704,1.499102556596408,0.09515496485297388,0.1894491606632581,0.6439454018545467,-0.9698274664791562
700,2982.074156059764,0.5489283813519157,0.04305117273284003,0.40100168898493177,0.28390647002149266,0.5117908341207205,1.3000951743287814,0.013027291344763648,1.6035827464865324,0.14266812142554475,0.037468348701296735,0.7782128511060632,0.21000529203560747
288,4929.529400749066,0.3695563411060968,0.12520685437374263,0.2666514041712011,0.5422704107773106,0.44748797576144556,2.2742449110986596,0.020237460117675254,0.9572035466608988,0.0035805646146357256,0.4333746545222179,0.4861326043328172,0.2548599264620721
561,2989.9202410848916,0.2145648296806279,0.08536762132538404,0.2170673258017236,0.6724836861212591,0.35102938958216334,3.607089402838815,0.03188872481567152,1.066125357447446,0.031808644675036926,0.6565804306179513,0.4557051722557097,-0.10970133085546818
620,1592.0537634408618,0.33637796095277556,0.019882912099838976,0.15759629621230037,0.6103973018593454,0.40778456245926853,1.9250815972064461,0.03508261868855493,1.0043053280493155,0.011195002144481398,0.3714335950115611,0.49073590362119407,-0.17992961507411787
331,1582.365451559934,0.4017076434312623,0.12478545794975818,0.2916535796860341,0.4942886727876587,0.48825705201748965,2.051584103742954,0.02416004397768686,1.3663574315022857,0.022536664785368372,0.6055977531562287,0.43060438318495836,-0.12460734986467248
81,2713.2805494505487,0.21088977099833497,0.12641384226646327,0.15253608533870386,0.7566922729415753,0.33031899170016077,4.153682623736706,0.033306854343649654,3.156866026776011,0.1905640873456252,0.02454861716632053,0.8386897306919662,-0.02682142360311035
689,5933.049074513525,0.31574211061706736,0.15610485784934172,0.22957405846476028,0.6092799277976383,0.40876460175866836,2.609956869110572,0.024422188159753007,1.554165513653821,0.09059061045978394,0.025012336560991624,0.6713010207790832,-0.3563803761804061
159,3281.8975832193355,0.3590560238877271,0.018917162782704645,0.15729476926439803,0.5710757978382371,0.3796304973758776,1.8045916456098663,0.020382005287093302,1.41408193993506,0.10179312419896724,0.16845235783455292,0.6410830986588064,0.07932222468177352
90,2138.1178770949855,0.2990424740146765,0.027566440765498856,0.07560891565729372,0.6673917393021858,0.3567601114430089,1.880646732144171,0.023216132821585928,1.9970530660940047,0.04840099718224837,0.12625334370340469,0.5687708995343543,0.02819790448699333
384,2210.9517055655147,0.2921645948462235,0.034696874059182585,0.10313342013879051,0.6924095087105764,0.3502928740080451,2.052889548034826,0.019613659568463938,2.04058404217926,0.05473441391472662,0.18743844707755097,0.570967571264526,-0.30255506317292813
740,3546.021082034694,0.26961421737256125,0.0678364934546505,0.16492060032707917,0.6737000109091184,0.35431643299372684,2.764217298049023,0.03660767390435743,1.2241556815629906,0.06171928342344083,0.4212025528379613,0.5160721673160457,-0.17359193957356567
655,2787.855723796617,0.39926160681857004,0.24751757821118325,0.3492556122241575,0.4985947507015825,0.4954941790311685,2.2793624609309746,0.008232860526204254,2.1033059649592167,0.30082107047480927,0.0167154559108676,0.8744754589139707,0.04536822508563265
690,3506.745535893827,0.2612311731932244,0.17013416167910303,0.2474698962979586,0.6619811902433304,0.40394363594211813,3.5147629625201455,0.026367488533636813,2.356222510068875,0.17648214188130568,0.08037418786561304,0.6927379678092734,-0.019554470309564476
739,3053.8075840500346,0.26222332795029574,0.032274152529708465,0.17201446580074686,0.6509663866858247,0.3608061126917869,2.5470772267261386,0.04606235465085354,1.3512445748325974,0.044660395095370835,0.16475155337495878,0.5533108735603736,-0.42442383763648417
676,3226.114937422579,0.4044291198460014,0.09641057616316064,0.25247972339537283,0.493965462686289,0.4505593810531793,1.9366769302218254,0.010151080141064785,1.4789659129445492,0.139270058188144,0.02081936989413097,0.7118234421061768,0.1315129102644188
64,3317.000583690986,0.39592086445138913,0.14505407675219698,0.22948195915097863,0.4987262817517545,0.45352409168225155,2.2404855677614437,0.021048884336564835,1.975124278290993,0.20934057163758082,0.05187314532626863,0.767526750456695,0.0033733781212221814
241,4942.0615272727355,0.46099068896241757,0.11622310606806976,0.29663521875769994,0.37922963125393716,0.4931783307420175,1.7793042424304886,0.021140697044897058,1.2893423427285384,0.15149023012214516,0.0600448678124523,0.7191418827662823,0.10058747296061243
538,1950.175208734742,0.3848483284888163,0.09999163412811879,0.25377706690875235,0.5211080887213138,0.4461011012532669,2.065203452110875,0.02616432306423414,2.255161881275317,0.0685873335665544,0.22444617018675952,0.6406268624318777,-0.21828187790429965
9,2789.928847926267,0.35967849933428087,0.17258559324185666,0.3073627438826765,0.5249763641224556,0.4438406554752756,2.527167588193841,0.02158364846553664,1.588381639069376,0.30256688640500196,0.1177504877459544,0.7693738487318605,-0.16575808561423733
536,4100.66510948906,0.2927752920404652,0.022254989536721653,0.1590505270598188,0.6838841164095373,0.3868622729296281,2.297420044905356,0.05473951063609417,1.2763724045903424,0.015816291692833044,0.08818113444398738,0.5721543011130646,-0.29524408098822086
341,2645.264614037646,0.2585065153498948,0.045409529254782324,0.11288649227702645,0.7084967238130839,0.3331995211485984,2.40187244146934,0.03981373602548875,1.8528297077047342,0.02429005841440069,0.5719194914309587,0.4296002051921174,-0.6211592029281761
351,3234.8251107828614,0.19395560224975084,0.07377064058651303,0.17884999010740282,0.7058595033371634,0.31906078634346596,3.764719171208638,0.033473860388738896,1.3901823202948576,0.21507261993791832,0.5439582543848002,0.571910720539547,-0.3538985681821094
356,3454.248874200822,0.2611715757413861,0.19552290204440112,0.2576965668107648,0.6627370332898039,0.416366063105948,3.6653840047364903,0.020381793703401777,1.3763013633991723,0.09136449400875672,0.054584686606425285,0.6085574640788183,-0.48742426909687353
668,4496.508574807805,0.3680429865857757,0.10833715979678724,0.29866214592968365,0.5353420123646809,0.44985646347174296,2.1957389875846243,0.02459902168600793,1.3947869206702757,0.029520768151660267,0.33747795430246375,0.5692476713277637,0.023300460534152023
741,2659.1493813273387,0.30310560665735503,0.02512766643864099,0.1963059840180305,0.6273100888891252,0.3880374892368848,2.2100811992979996,0.03091360674199155,2.209422701018275,0.04618268434632059,0.28413819106846755,0.5586233152457866,-0.4807438942775737
243,3549.3475428436354,0.41852431726576156,0.24709603859007453,0.34779010960399154,0.47472125305114965,0.4964223017052894,2.295803127664455,0.02439586137328413,1.9121498388829221,0.3049547685375221,0.03904694995655199,0.8076851553724986,-0.2434110628303343
685,4093.100925474907,0.4982404462448349,0.07362912270140497,0.3302338336131111,0.3501820448978715,0.4908777749402236,1.5322993506346712,0.017089354650995585,1.0818922770291663,0.3692213730093334,0.1455831072204877,0.7874118804140572,0.0493675953116286
423,3748.109776039819,0.3127048934324838,0.10311436415065257,0.20256400032612384,0.6097969283652206,0.38716727878139967,2.570005332183529,0.016744984301851503,1.1620093879031352,0.05174737094860789,0.27351776034621167,0.5840102065012649,-0.17396665180365956
1157,3465.839719599963,0.4610661951800803,0.2211294802835391,0.3108509005772733,0.4103984754695112,0.5088232592419758,2.0877462628702377,0.016397338887626386,1.6304623199620571,0.30823812958909946,0.06589786186565755,0.845733781226013,-0.06656471968563027
884,3537.31743148334,0.44164813469822145,0.17298237536335384,0.24954151112600328,0.44442211499221307,0.4675232864154491,2.0735538087560963,0.016535782684646998,2.6047987098390566,0.2174288849840694,0.0403675525652901,0.8069838911636288,-0.14505203353746143
651,6335.877468115237,0.38326695837396496,0.0952263769382378,0.31950906595047385,0.5191886262641565,0.444281267235041,2.072658994213271,0.0001436954053158584,1.4821759703484636,0.03353709752624524,0.3924488115339949,0.532170858432155,0.20042925734321715
299,3158.809571406931,0.3776061744454048,0.0570807665930507,0.24728811741496148,0.5178727073055044,0.42984668673068105,1.8690606948584296,0.013284081553107913,2.672873208950673,0.11214378758467182,0.05766242026494751,0.6900668067037057,0.007809367184814953
693,3476.0696329566986,0.38428018107121475,0.1460899918461571,0.19757594803568013,0.5223569855965907,0.4360781407518235,2.3184490471005654,0.021736171392595365,1.5821316291075158,0.19112523559144834,0.07486661817765727,0.7329461585060452,-0.004351490947004599
391,1570.04316824728,0.4529092090080197,0.053926495778561956,0.317457554761694,0.39431755715004707,0.4948157035373636,1.6502896404483252,0.03292966479817429,3.348452449062992,0.21056766169930802,0.020176285491810473,0.8659657002835921,-0.053907700056931684
1,2984.6731117824625,0.4836914428045894,0.05672787579746599,0.20536516160427082,0.30495881026242877,0.5032230041224559,1.4689487974104367,0.03613251443466965,0.827434730129494,0.003200565060956483,0.16938672252499626,0.4964307214680256,0.1025854577194889
644,2781.8752688172026,0.36253469402941896,0.019911755146417996,0.07866936655266935,0.5690956053027447,0.37939005740092335,1.584127402283191,0.0360566905765516,1.243832367478613,0.15795221764287,0.016893426039404247,0.7358227306499906,0.22997045890767254
439,3573.621070234112,0.28210298226784264,0.07559950361209913,0.21481336925623304,0.6403595957687656,0.4121418488185424,2.718456761125758,0.09394145453245828,1.3434273919467203,0.12797673171274204,0.04540628063052277,0.6230902291420302,-0.16540800228108754
736,2953.8011322280595,0.39636103678892615,0.10791317641993657,0.27721484458794066,0.4994542597814238,0.46525664573357534,2.042342930891106,0.03511226059863801,1.257424473528837,0.04319761568803515,0.1403004040663182,0.6061294377645673,-0.04966162014040609
681,7145.009386672441,0.6184184750955052,0.12837326043939615,0.576558507637558,0.17486535263059397,0.5905202143238092,1.3379545303629945,0.012772390476954176,1.2422512561885761,0.5490492030600789,0.056861103549375,0.9328379376761374,-0.09293248763692707
662,3468.447923322683,0.5079335331284118,0.3095995521207424,0.42332178456163416,0.3052659986672175,0.5761591828499166,1.8525671614844785,0.011400957735100815,1.5851900510204082,0.43762588687720727,0.020830788552240947,0.9586362397905686,-0.3765020127351435
24,2644.547165368593,0.2984541484344276,0.10872661724021318,0.14838578315891593,0.6964657549788892,0.3787045857617755,2.8047062510895984,0.027236676619809892,1.513752477320307,0.104954907869401,0.08994954184200658,0.6461989512006044,-0.25581974638974225
657,2488.382593382148,0.3020077059308487,0.07567124451531455,0.2077158075951591,0.6624137728699416,0.40353596989077467,2.4001370632316537,0.034820632525531664,1.665637788394324,0.02004669802266181,0.32983978949750314,0.502704307351536,-0.4372025745138397
429,5740.350388405797,0.3346049580161515,0.07052942458504842,0.1317156011598785,0.703869206043825,0.3627873967264112,2.1100302136350315,0.005319372559704937,1.1405032857432937,0.1428008922979578,0.16355498737740587,0.7176187886900983,-0.2117438053013978
175,5582.850899905273,0.3565618357419864,0.08207697289170882,0.1615285609797976,0.5903030163736729,0.41835403291433265,2.019648082013858,0.009660079646217944,1.315017840694607,0.0993973708294918,0.022574965537520985,0.7374379788966577,0.2839477889172981
97,3011.187998079693,0.46097191227721535,0.24496081250846222,0.400783149978491,0.43870109704409943,0.5055596263534187,1.9045410717914557,0.046685262619153726,1.0185505304489917,0.026800568191965357,0.4097477800994518,0.5429635174324756,-0.535964763888904
193,8668.180207612444,0.10192194741789064,0.03224069794780191,0.05499341037311245,0.9030177400062009,0.17839436708624642,3.83272210283079,0.027248047023598815,0.7729113983602905,0.0017002692982184835,0.8868238084190514,0.3236675980693026,-0.27822955454819054
195,3462.07896460315,0.4261948765677091,0.19881380006865707,0.291145416146349,0.4466503875641172,0.5017584271739586,2.2744645566123007,0.006856614519173848,1.4326609440878961,0.19400276521755938,0.013852214483766969,0.776055461197251,0.09614738777251386
330,3230.4042213176535,0.44915925099946186,0.2710259107291657,0.3863690612707969,0.4466004165675096,0.5381628749787029,2.166309207970766,0.015281501293031047,2.790061893369787,0.43993882859792743,0.01322367520463068,1.1125947819578996,0.17873070560418203
634,2008.1455142558586,0.5705234453525485,0.14120662522565527,0.4724200254706424,0.31713343786492554,0.5428699404669046,1.4413302063928484,0.02820768630022013,1.3280809442440349,0.351654902741468,0.15441091083325284,0.7909788093209713,0.10720515208949655
572,4807.875621890572,0.21285863239798736,0.010855873414085873,0.01283004158765793,0.8659880952032052,0.24656378771998166,2.003840956540868,0.05943882839135364,1.450045331212573,0.031917573504342184,0.43739764241335416,0.48461790682671396,-0.3927421760657892
77,2624.5122052842166,0.42882147168177226,0.24160923911337887,0.3176234438563748,0.42876614294214904,0.5121259402036177,2.1875314480843815,0.012567639126745493,1.6866747990610984,0.2764713292166969,0.018272414251191634,0.8336749797614712,0.0429646423561878
763,5789.211180124134,0.25200981479201856,0.04153033933701478,0.10580012166224372,0.7104884102652149,0.327832841795977,2.4398744521558076,0.012062025755307761,1.0065169087178374,0.011265642705275105,0.6470746467903933,0.39523008181530267,-0.30714341700047454
43,3063.334395670475,0.3786320283826767,0.033548094719701,0.23574588381211095,0.5186372110592564,0.42574941067627725,1.8090799987817605,0.02208848679807072,1.975864085645386,0.09797618774537228,0.13077075110463457,0.6490748319301441,-0.09037662880973185
747,3505.14612756264,0.2818533853438356,0.04920260052778585,0.17388589318205347,0.6965080582605603,0.3490258042956997,2.5382492962282064,0.00839893623929274,1.4583030845262628,0.025579598412098874,0.49715902695827446,0.45563490755081654,-0.5148252228489691
272,3511.5528851963745,0.40875108301255253,0.17550008455740027,0.25446993891061265,0.48145632205717576,0.4695797118739564,2.154428518445727,0.027395139776733583,1.5848814033321457,0.2542512632333322,0.0371771546400203,0.7979393096748376,-0.3863625425734192
642,1907.6623677248613,0.4086124838375921,0.16057704823487237,0.3218373587467384,0.4804423182055754,0.4701698513025624,2.094826005826428,0.02419383519537462,1.484911604264817,0.10874691914250656,0.27565605953776356,0.6301624732656333,-0.2663222711163322
587,2992.3986710963445,0.20177876674559952,0.056249886266445885,0.14944952959802016,0.7389551070915146,0.31666127798718985,3.477014617090355,0.022954601783726138,1.362572641122262,0.12246774816268616,0.6000994622315232,0.5029554640387455,-0.15313350544186788
371,2537.7002463605795,0.2396676389561989,0.04334649854578262,0.07646083410223826,0.7718574940083902,0.3083106939528038,2.1918254866734372,0.016258838142728656,1.2822284292379702,0.03511205043090634,0.36916352677992154,0.5030592769281559,-0.9453021041621903
727,2317.730665610139,0.30139171659650454,0.02151376162222764,0.07658081174935205,0.6438124383397154,0.358154300866053,1.9125959163527069,0.0224101592722034,1.340782525306346,0.034878694331941205,0.15271269847550273,0.5471312360727253,-0.33385925519334014
118,3765.475341219281,0.390664885129723,0.04791721453292132,0.16144090203552397,0.52525024058578,0.4441605656839447,1.8018643196174138,0.05228273553613341,0.6009885258004353,0.0,0.7203322222431406,0.3694129064328953,-0.4679882848919412
625,3872.2408343125735,0.3444966962030742,0.27165340921702086,0.3903139616137325,0.5325331155606206,0.47108095032085373,2.7020289296425455,0.024917002407182063,1.5873572738537776,0.2550746262688659,0.43658347673350845,0.6419009577236867,-0.0954270916946447
682,5450.460669226566,0.40268169415178906,0.0576595671901808,0.19621227896775845,0.4881295656959122,0.4327823802026542,1.7944592306797222,0.028941956610374665,1.0622475562369087,0.034897905765244486,0.17885093827481333,0.6104793620927723,-0.3963131606731478
315,3651.267168900805,0.47592377173397815,0.2765310850341094,0.3803647135423138,0.42454908747981773,0.5349233929899433,2.003048160225348,0.01679941316077104,2.2357959602044946,0.31051865523312844,0.0474480310767943,0.8437283343035223,-0.05186353230937257
26,,,,,,,,,,,,,-0.32872554443632884
250,2636.8123136746576,0.2521467269594036,0.12833322797083796,0.28798531531577715,0.6269848727932966,0.40301300855077443,3.22607255670555,0.03594341865484512,1.6530260182079655,0.14290704243168226,0.2972306831320204,0.6312869814428571,-0.026466542431707207
348,2864.2150556030797,0.3050074077621535,0.1441934038767921,0.30770800901462797,0.5539916864831683,0.4296830460376141,2.8937492402407647,0.03075380733009529,3.114025853882687,0.18496212831736633,0.1546155770913288,0.7263535155902355,-0.16180018624322878
465,2864.2150556030797,0.3050074077621535,0.1441934038767921,0.30770800901462797,0.5539916864831683,0.4296830460376141,2.8937492402407647,0.03075380733009529,3.114025853882687,0.18496212831736633,0.1546155770913288,0.7263535155902355,-0.16180018624322878
301,2629.0110065583117,0.3125033789261296,0.11170737570348727,0.20209913606939975,0.5981395311977875,0.40072997392012727,2.7031353632103636,0.021163472219932818,2.054108970320012,0.12891686067471222,0.21124377628918276,0.6506409934016828,-0.17060301767449904
467,3166.2733469268956,0.32310171033069424,0.08368416431761205,0.20773790091265776,0.6557977253025357,0.4204035114530408,2.4002801895545662,0.04308931302084003,1.0221925013138664,0.01148997924802813,0.8484348924595361,0.33193602129122496,0.1442459486828187
409,3434.856166935784,0.5069216589231593,0.18420322399802058,0.2908814161287595,0.2665200928300965,0.5374982744690762,1.8150581696296662,0.022063023646501572,1.6343624876340224,0.2807855472088704,0.02921800075304763,0.886792218724843,0.03623770668560278
715,8134.839559533622,0.2800739920780071,0.06961765400505872,0.23927199700760157,0.6417681989752652,0.37492778620904876,2.6769786143757672,0.009512828459179726,1.05404702484582,0.02416183781002499,0.3686679747080213,0.5293334987161595,-0.03417909224977622
61,3875.452975639836,0.3774650208219373,0.1478293772823371,0.2651583221218527,0.5347391729130629,0.45606877636257637,2.2456521550395694,0.06702019263367194,1.0372660102560067,0.01951211410505153,0.4088913005952365,0.5050962809927106,-0.6500164521868879
442,2552.7014907661505,0.48122497009402104,0.20269921698701404,0.3237338743972364,0.31457007940460335,0.5404593839007928,1.9222748554592322,0.012259414088146948,2.6307065987549643,0.3832463173087414,0.01945182284161391,0.939243460313448,-0.2732474615704459
320,3410.835013606326,0.4101832065631737,0.1525310873607322,0.31881832680524963,0.4826593829542958,0.4572395235702834,2.072405776989556,0.012361408384444285,1.231673393491226,0.22524288158178063,0.28847024330280474,0.6562389864962601,-0.1623450286007997
462,2711.009976274521,0.5431961481292613,0.24339410736661557,0.4483121447055211,0.37803138188900365,0.5440829839307377,1.6652635286777158,0.009561468692927982,1.5426442189313718,0.32525006421311414,0.013406284867041481,0.8511246147552901,0.14844079794230014
451,3546.365382716788,0.525043667362859,0.33222474814384345,0.43170227078127166,0.37100914898212284,0.5704466596498643,1.86804022516929,0.01515271862543491,1.4773897800033142,0.3445555840339196,0.07431055545014863,0.8357051176888206,-0.29998381719627387
499,2776.38266748617,0.3508601172543038,0.09132840261361833,0.18645255435348373,0.5852156332508841,0.4033331330909265,2.2030263475809004,0.025892070069860523,1.4666738169364855,0.12870678884352715,0.08359458192860644,0.6639835597487826,-0.2501910231707245
1197,3305.8510278113654,0.22925478057872029,0.07331769973358725,0.14573283765030035,0.7330858294755821,0.3287034529984627,3.179288474412783,0.04818515068947497,1.8578103317267414,0.20411908284260274,0.08163105653174958,0.7549739436527845,-0.3483879591879404
518,5268.959227265587,0.3738919828452882,0.13712259829745824,0.28891609193666923,0.525138278551958,0.4392451970346998,2.240126578583027,0.01257673055980818,1.0786079648502205,0.06243687490718464,0.40668411145850514,0.561468696532082,-0.2175087359720207
122,3181.22574717733,0.31678443027602715,0.10489712392889873,0.249308100830279,0.6296420693322404,0.42084021465093713,2.545941291554482,0.03505970366804665,1.4451359195402287,0.2099946827645118,0.12333586997772573,0.7279692685345531,-0.40793247208084793
636,3662.531895424846,0.3730123830758075,0.10164295606777021,0.2873964722233968,0.522115505407535,0.4294751172496841,2.149878933898614,0.030251447365349075,1.102746771460845,0.0721361592907168,0.3938467139135227,0.5695004980586605,-0.21605482970489742
211,3214.9368029739835,0.30993076329789454,0.02978481910617168,0.11453377473003863,0.6136096003783402,0.3747962923662828,1.9792261634399047,0.07551424383557749,1.1561842964908753,0.027962746713698302,0.23024333643784897,0.5588542323051867,-0.0726303723341517
266,3549.5395981975216,0.6235018493764442,0.21766817711154252,0.5335760336668027,0.2759623442289321,0.5795424736472488,1.41800524996906,0.00846416110903266,1.1393287665033767,0.23037661550478256,0.13456240736348482,0.7579675921523993,0.1768262990282441
143,2449.7753229398663,0.5311220558377214,0.298352750503296,0.36571264526538416,0.12034314972418654,0.6217436290639146,1.795665564553149,0.049823365020447354,1.8554401710315331,0.4330982688700235,0.014936640797430522,1.073217164674305,-0.2609522062539509
963,5113.192391728445,0.3517381307912178,0.04404921607648668,0.1558077143171328,0.6011602519726477,0.40038283457341933,1.9079325768599393,0.02710610219719904,1.2318178146258505,0.06391251992135162,0.27061759930493895,0.5418575462223635,-0.10738519965471838
295,3866.923750484307,0.35634534732150697,0.08223030887690039,0.2567236125933931,0.5387684217762665,0.42801474165425507,2.1593030299713605,0.06879058519642334,1.2834571916175688,0.09063347991401136,0.33742255917850933,0.5655100188695168,-0.7693341356343493
664,2763.8338821490433,0.5698070824042896,0.10813019574548452,0.45115629676143354,0.24239450311695082,0.5523006926360448,1.416449583364084,0.02229158801894017,1.2720522647628023,0.052980226799403986,0.10748909818462667,0.7530176483859916,-0.45476384275159587
108,5523.418448182306,0.4847855188560709,0.15020674042096258,0.313518105111259,0.33810647773730573,0.5106948119822682,1.753586806808017,0.03974875344558991,1.0934309995440497,0.07183985573849165,0.1441499721611704,0.697069841348314,-0.6099560344585315
553,6308.427767211867,0.14512114282059177,0.026653758853431613,0.06305855258217137,0.8614639807581109,0.22622515009776126,2.9309076386631916,0.036801495729029556,2.0825703550499814,0.2959220896138026,0.4386652698984964,0.7008596373502572,-0.5079545125448806
621,5892.194394800981,0.45644197064131076,0.0998544138044083,0.28590662648209064,0.41309457628884394,0.47843439742709815,1.7506653724118333,0.057114704460658104,1.289144059086759,0.2526172395958827,0.07211413029298964,0.7370810843578738,-0.4825842990613207
555,5073.602826379541,0.43564823198932534,0.09059834431165874,0.32167078079838024,0.45281049515243715,0.4701885625147041,1.8149732289108487,0.013270047178597756,1.119873099927302,0.07831564342242286,0.3409039591930662,0.5940360875134566,-0.07797418544550538
444,5190.472080525463,0.4826406727538711,0.16516129331475093,0.3194694497656006,0.36215563636934456,0.5124774545478317,1.8494017222368864,0.023978900225253227,1.2638949289923462,0.16553779071648655,0.2652986768606963,0.6350852669640307,-0.10461689279582442
